{
  "MAE": 9460.508138489658,
  "RMSE": 12730.670843755877,
  "R2": 0.2171493716097197,
  "n_train": 19120,
  "n_test": 4780
}